[
  {
    "metadataOutputVersion" : "3.0",
    "storagePrecision" : "Float16",
    "outputSchema" : [
      {
        "hasShapeFlexibility" : "0",
        "isOptional" : "0",
        "dataType" : "Float32",
        "formattedType" : "MultiArray (Float32)",
        "shortDescription" : "",
        "shape" : "[]",
        "name" : "output",
        "type" : "MultiArray"
      }
    ],
    "modelParameters" : [

    ],
    "specificationVersion" : 6,
    "mlProgramOperationTypeHistogram" : {
      "Linear" : 36,
      "Matmul" : 12,
      "Cast" : 2,
      "Conv" : 2,
      "Softmax" : 6,
      "Add" : 13,
      "LayerNorm" : 13,
      "Mul" : 12,
      "Transpose" : 25,
      "Gelu" : 8,
      "Reshape" : 24
    },
    "computePrecision" : "Mixed (Float16, Float32, Int32)",
    "isUpdatable" : "0",
    "availability" : {
      "macOS" : "12.0",
      "tvOS" : "15.0",
      "watchOS" : "8.0",
      "iOS" : "15.0",
      "macCatalyst" : "15.0"
    },
    "modelType" : {
      "name" : "MLModelType_mlProgram"
    },
    "userDefinedMetadata" : {

    },
    "inputSchema" : [
      {
        "hasShapeFlexibility" : "0",
        "isOptional" : "0",
        "dataType" : "Float32",
        "formattedType" : "MultiArray (Float32 1 × 80 × 3000)",
        "shortDescription" : "",
        "shape" : "[1, 80, 3000]",
        "name" : "logmel_data",
        "type" : "MultiArray"
      }
    ],
    "generatedClassName" : "coreml_encoder_base_en",
    "method" : "predict"
  }
]